slide_uid,prediction,confidence,prob_AML,prob_ALL,prob_CML,prob_MPAL
CML_wsi_sample,2,0.6817538738250732,0.07960666716098785,0.16405048966407776,0.6817538738250732,0.07458899170160294
