slide_uid,prediction,confidence,prob_AML,prob_ALL,prob_CML,prob_MPAL
AML_wsi_example,0,0.49297767877578735,0.49297767877578735,0.24967747926712036,0.14166250824928284,0.11568234115839005
