slide_uid,prediction,confidence,prob_AML,prob_ALL,prob_CML,prob_MPAL
ALL_wsi_sample,1,0.5639047622680664,0.15611068904399872,0.5639047622680664,0.196543887257576,0.08344067633152008
